{
  "cbar_offset_y": 0.21000000000000008,
  "cbar_offset_x": 0.0,
  "scale_offset_x": 0.060000000000000005,
  "scale_offset_y": 0.0,
  "north_offset_x": 0.0,
  "north_offset_y": 0.0
}